1, google.com
2, youtube.com
3, baidu.com
4, zhihu.com
5, taobao.com
6, facebook.com
7, 163.com
8, sogou.com
9, tmall.com
10, qq.com
11, amazon.com
12, yahoo.com
13, so.com
14, soso.com
15, wikipedia.org
16, weibo.com
17, 360.cn
18, zoom.us
19, live.com
20, tianya.cn
21, bilibili.com
22, instagram.com
23, dedecms.com
24, netflix.com
25, pchouse.com.cn
26, reddit.com
27, wkzuche.com
28, foodmate.net
29, niuche.com
30, 1688.com
31, microsoft.com
32, office.com
33, sina.com.cn
34, canva.com
35, myshopify.com
36, bing.com
37, naver.com
38, csdn.net
39, vk.com
40, jd.com
41, yahoo.co.jp
42, cdstm.cn
43, microsoftonline.com
44, twitter.com
45, google.com.hk
46, alipay.com
47, bongacams.com
48, sharepoint.com
49, sohu.com
50, jmw.com.cn
51, twitch.tv
52, amazon.in
53, chaturbate.com
54, amazon.co.jp
55, adobe.com
56, aliexpress.com
57, linkedin.com
58, tiktok.com
59, ebay.com
60, okezone.com
61, ok.ru
62, yandex.ru
63, douban.com
64, shopify.com
65, cnblogs.com
66, mail.ru
67, ca168.com
68, whatsapp.com
69, msn.com
70, hao123.com
71, etsy.com
72, indeed.com
73, imdb.com
74, dropbox.com
75, google.co.in
76, blogger.com
77, zoho.com
78, chase.com
79, alibaba.com
80, google.cn
81, amazonaws.com
82, pikiran-rakyat.com
83, telegram.org
84, udemy.com
85, fandom.com
86, tencent.com
87, google.com.br
88, liputan6.com
89, spotify.com
90, pornhub.com
91, freepik.com
92, google.co.jp
93, tribunnews.com
94, google.de
95, daum.net
96, flipkart.com
97, rakuten.co.jp
98, w3schools.com
99, xvideos.com
100, intuit.com
101, eastmoney.com
102, zillow.com
103, wordpress.com
104, grammarly.com
105, tistory.com
106, google.fr
107, roblox.com
108, cnn.com
109, jianshu.com
110, youdao.com
111, ilovepdf.com
112, zendesk.com
113, paypal.com
114, duckduckgo.com
115, google.ru
116, amazon.de
117, xhamster.com
118, t.me
119, imgur.com
120, walmart.com
121, google.it
122, primevideo.com
123, office365.com
124, xueqiu.com
125, digifinex.com
126, wix.com
127, amazon.co.uk
128, toutiao.com
129, tumblr.com
130, github.com
131, wetransfer.com
132, indiatimes.com
133, savefrom.net
134, force.com
135, nytimes.com
136, bbc.com
137, kompas.com
138, wellsfargo.com
139, booking.com
140, envato.com
141, line.me
142, espn.com
143, apple.com
144, vimeo.com
145, calendly.com
146, shutterstock.com
147, runoob.com
148, americanexpress.com
149, google.es
150, ikea.com
151, smallpdf.com
152, digikala.com
153, disneyplus.com
154, google.com.sg
155, figma.com
156, pinterest.com
157, amazon.ca
158, detik.com
159, zerodha.com
160, fedex.com
161, myworkday.com
162, pexels.com
163, stackoverflow.com
164, iqiyi.com
165, mediafire.com
166, investing.com
167, smzdm.com
168, 360doc.com
169, trendyol.com
170, pixnet.net
171, ups.com
172, douyu.com
173, kakao.com
174, archive.org
175, hdfcbank.com
176, bbc.co.uk
177, fiverr.com
178, tradingview.com
179, avito.ru
180, youku.com
181, healthline.com
182, mozilla.org
183, godaddy.com
184, chess.com
185, hbomax.com
186, capitalone.com
187, usps.com
188, mercari.com
189, aliexpress.ru
190, cnbc.com
191, stackexchange.com
192, google.co.uk
193, instructure.com
194, lazada.sg
195, zoominfo.com
196, fidelity.com
197, homedepot.com
198, xnxx.com
199, line.biz
200, namu.wiki
201, google.ca
202, behance.net
203, aliyun.com
204, soundcloud.com
205, nih.gov
206, hupu.com
207, forbes.com
208, coinmarketcap.com
209, bscscan.com
210, airbnb.com
211, icicibank.com
212, xiaohongshu.com
213, sindonews.com
214, ifeng.com
215, bet9ja.com
216, istockphoto.com
217, google.com.tr
218, varzesh3.com
219, ria.ru
220, manage.wix.com
221, craigslist.org
222, thepaper.cn
223, coursera.org
224, google.com.tw
225, gamersky.com
226, skype.com
227, google.com.mx
228, redd.it
229, rt.com
230, hulu.com
231, box.com
232, docusign.com
233, yelp.com
234, bankofamerica.com
235, adp.com
236, redfin.com
237, amazon.com.mx
238, weather.com
239, investopedia.com
240, mercadolibre.com.ar
241, orange.fr
242, globo.com
243, ltn.com.tw
244, shopee.tw
245, geeksforgeeks.org
246, target.com
247, suara.com
248, grid.id
249, salesforce.com
250, mercadolibre.com.mx
251, padlet.com
252, bitfinex.com
253, amazon.fr
254, amazon.es
255, pinimg.com
256, youm7.com
257, foxnews.com
258, uol.com.br
259, discord.com
260, onlinesbi.com
261, bestbuy.com
262, japanpost.jp
263, manoramaonline.com
264, worldometers.info
265, hotstar.com
266, mailchimp.com
267, dribbble.com
268, ameblo.jp
269, dailymail.co.uk
270, steamcommunity.com
271, researchgate.net
272, cloudfront.net
273, telewebion.com
274, proiezionidiborsa.it
275, wildberries.ru
276, quora.com
277, 3dmgame.com
278, etoro.com
279, metropoles.com
280, premierbet.co.ao
281, fast.com
282, nicovideo.jp
283, bloomberg.com
284, op.gg
285, realtor.com
286, businessinsider.com
287, taboola.com
288, farfetch.com
289, in.gr
290, deepl.com
291, secureserver.net
292, dailymotion.com
293, moneycontrol.com
294, themeforest.net
295, samsung.com
296, squarespace.com
297, evernote.com
298, google.com.sa
299, kumparan.com
300, hp.com
301, glassdoor.com
302, spankbang.com
303, ozon.ru
304, rokna.net
305, coupang.com
306, sahibinden.com
307, google.pl
308, scribd.com
309, wordpress.org
310, google.co.th
311, tokopedia.com
312, theguardian.com
313, patreon.com
314, ndtv.com
315, bluehost.com
316, ensonhaber.com
317, poste.it
318, ssense.com
319, amap.com
320, binance.com
321, ca.gov
322, wsj.com
323, jb51.net
324, y2mate.com
325, patria.org.ve
326, wise.com
327, shein.com
328, bet365.com
329, thesaurus.com
330, shopee.co.id
331, hootsuite.com
332, reuters.com
333, asos.com
334, google.com.ar
335, filimo.com
336, yts.mx
337, cdc.gov
338, indiamart.com
339, rezka.ag
340, dell.com
341, flickr.com
342, google.com.eg
343, 21food.cn
344, baiducontent.com
345, goodreads.com
346, delgarm.com
347, sf-express.com
348, quizlet.com
349, docusign.net
350, allegro.pl
351, heavy.com
352, lentainform.com
353, reverso.net
354, libero.it
355, huaban.com
356, cnet.com
357, irs.gov
358, slideshare.net
359, shopee.com.my
360, setn.com
361, costco.com
362, googlevideo.com
363, ninisite.com
364, quillbot.com
365, smartsheet.com
366, google.co.id
367, teambition.com
368, cj.com
369, citi.com
370, allcoolnewz.com
371, poocoin.app
372, schwab.com
373, google.az
374, pancakeswap.finance
375, patch.com
376, wikimedia.org
377, academia.edu
378, deviantart.com
379, techcrunch.com
380, go.com
381, trustpilot.com
382, shaparak.ir
383, att.com
384, ebay.de
385, cnbeta.com
386, rambler.ru
387, rakuten.com
388, naukri.com
389, upwork.com
390, nike.com
391, td.com
392, opensea.io
393, zol.com.cn
394, cvs.com
395, namasha.com
396, speedtest.net
397, wayfair.com
398, zara.com
399, 36dm.com
400, nga.cn
401, ameritrade.com
402, ladbible.com
403, seznam.cz
404, ali213.net
405, shareasale.com
406, iqbroker.com
407, zhibo8.cc
408, gmx.net
409, leboncoin.fr
410, rutracker.org
411, marketwatch.com
412, myworkdayjobs.com
413, qoo10.sg
414, zapier.com
415, oracle.com
416, washingtonpost.com
417, xfinity.com
418, freshdesk.com
419, gismeteo.ru
420, tableau.com
421, substack.com
422, expedia.com
423, dbs.com.sg
424, google.ro
425, as.com
426, meesho.com
427, crunchyroll.com
428, editor.wix.com
429, lenta.ru
430, nypost.com
431, google.gr
432, turkiye.gov.tr
433, miit.gov.cn
434, verizon.com
435, web.de
436, umeng.com
437, 1337x.to
438, canada.ca
439, azure.com
440, yjc.news
441, onlyfans.com
442, donya-e-eqtesad.com
443, onet.pl
444, outbrain.com
445, tripadvisor.com
446, nba.com
447, ebay.co.uk
448, aol.com
449, mercadolivre.com.br
450, abs-cbn.com
451, google.com.au
452, inquirer.net
453, t-online.de
454, labanquepostale.fr
455, nikkei.com
456, amazon.it
457, livejournal.com
458, msn.cn
459, elementor.com
460, eastday.com
461, nextdoor.com
462, sg560.com
463, dhl.com
464, hostgator.com
465, dcard.tw
466, kapanlagi.com
467, udn.com
468, kuronekoyamato.co.jp
469, namnak.com
470, weebly.com
471, medium.com
472, lichess.org
473, cloudflare.com
474, doordash.com
475, shopee.vn
476, constantcontact.com
477, softonic.com
478, uptodown.com
479, infox.sg
480, twimg.com
481, bendibao.com
482, gosuslugi.ru
483, 52pojie.cn
484, fool.com
485, rctiplus.com
486, stripchat.com
487, chinatax.gov.cn
488, usatoday.com
489, www.gov.uk
490, squareup.com
491, slack.com
492, axieinfinity.com
493, clickpost.jp
494, merdeka.com
495, marca.com
496, aizhan.com
497, freee.co.jp
498, ebc.net.tw
499, itmedia.co.jp
500, merriam-webster.com
501, weblio.jp
502, fc2.com
503, payu.in
504, notion.site
505, ithome.com
506, seekingalpha.com
507, 51job.com
508, poki.com
509, fadverdirect.com
510, trello.com
511, amazon.com.au
512, breitbart.com
513, amazon.cn
514, nvidia.com
515, akamaized.net
516, macys.com
517, tutorialspoint.com
518, sz.gov.cn
519, enimerotiko.gr
520, ebay-kleinanzeigen.de
521, google.co.kr
522, sciencedirect.com
523, etrade.com
524, webmd.com
525, aparat.com
526, vnexpress.net
527, 11st.co.kr
528, notion.so
529, indianexpress.com
530, note.com
531, v2ex.com
532, ip138.com
533, storage.googleapis.com
534, t.co
535, walgreens.com
536, asriran.com
537, 120ask.com
538, sznews.com
539, theverge.com
540, protonmail.com
541, aajtak.in
542, cowin.gov.in
543, clickfunnels.com
544, dextools.io
545, woshipm.com
546, yoox.com
547, rarity.tools
548, clickbank.com
549, zcool.com.cn
550, tinder.com
551, fartaknews.com
552, laposte.fr
553, mockplus.cn
554, 10jqka.com.cn
555, creditkarma.com
556, 2345.com
557, news18.com
558, zhaopin.com
559, ivi.ru
560, cnnindonesia.com
561, ask.com
562, alodokter.com
563, al3omk.com
564, gov.ao
565, surveymonkey.com
566, gsmarena.com
567, youporn.com
568, miro.com
569, xe.com
570, mileroticos.com
571, bukalapak.com
572, hindustantimes.com
573, royalbank.com
574, yangkeduo.com
575, mytheresa.com
576, hubspot.com
577, tdameritrade.com
578, lowes.com
579, later.com
580, eatthis.com
581, 9gag.com
582, pixiv.net
583, accuweather.com
584, uidai.gov.in
585, banvenez.com
586, google.com.ua
587, qualtrics.com
588, emojipedia.org
589, airtm.com
590, divar.ir
591, apa.az
592, amazon.com.br
593, shopee.co.th
594, zhonghongwang.com
595, magazineluiza.com.br
596, wikihow.com
597, albawabhnews.com
598, convertkit.com
599, kakaku.com
600, sinaimg.cn
601, duolingo.com
602, espncricinfo.com
603, endclothing.com
604, www.gov.cn
605, subito.it
606, justdial.com
607, theepochtimes.com
608, webex.com
609, rottentomatoes.com
610, goo.ne.jp
611, usnews.com
612, report.az
613, netease.com
614, ijiandao.com
615, gstatic.com
616, louisvuitton.com
617, msi.com
618, dmm.co.jp
619, remove.bg
620, pchome.com.tw
621, crowdworks.jp
622, teachable.com
623, fardanews.com
624, sourceforge.net
625, bhphotovideo.com
626, delta.com
627, sobot.com
628, zippyshare.com
629, marriott.com
630, yeniakit.com.tr
631, ebay.com.au
632, cricbuzz.com
633, pixabay.com
634, business.site
635, kooora.com
636, epfindia.gov.in
637, usfinf.net
638, iloveimg.com
639, tabelog.com
640, nordstrom.com
641, messenger.com
642, 4px.com
643, semrush.com
644, oraclecloud.com
645, stripe.com
646, wartaekonomi.co.id
647, redbubble.com
648, ionos.com
649, iherb.com
650, qafqazinfo.az
651, 12306.cn
652, dappradar.com
653, google.com.vn
654, discover.com
655, weibo.cn
656, huya.com
657, mabangerp.com
658, myntra.com
659, chinaz.com
660, xxinn887.com
661, szu.edu.cn
662, slickdeals.net
663, genius.com
664, tmtpost.com
665, mit.edu
666, xero.com
667, addthis.com
668, reclameaqui.com.br
669, wp.pl
670, eghtesadnews.com
671, cambridge.org
672, sberbank.ru
673, kp.ru
674, discordapp.com
675, riotgames.com
676, oxu.az
677, uisdc.com
678, tsinghua.edu.cn
679, matchesfashion.com
680, ebay.it
681, cnbcindonesia.com
682, downloadoperagx.com
683, jotform.com
684, satv.ma
685, chouftv.ma
686, 51cto.com
687, hamariweb.com
688, liepin.com
689, playstation.com
690, torob.com
691, intel.com
692, eksisozluk.com
693, cloudconvert.com
694, w3school.com.cn
695, mercadolibre.com.ve
696, info.com
697, moneyforward.com
698, list-manage.com
699, uchi.ru
700, 104.com.tw
701, impress.co.jp
702, disqus.com
703, wattpad.com
704, eshram.gov.in
705, eventbrite.com
706, coindesk.com
707, elpais.com
708, giphy.com
709, lenovo.com
710, nhk.or.jp
711, cnki.net
712, usbank.com
713, 126.com
714, youzan.com
715, google.co.ve
716, fararu.com
717, sendinblue.com
718, irctc.co.in
719, sozcu.com.tr
720, indiatoday.in
721, wowhead.com
722, gst.gov.in
723, searchenginejournal.com
724, rediff.com
725, ecer.com
726, bp.blogspot.com
727, wazirx.com
728, syf.com
729, dafont.com
730, hurriyet.com.tr
731, idntimes.com
732, milliyet.com.tr
733, mrporter.com
734, t-mobile.com
735, shomanews.com
736, wondershare.com
737, dnb.com
738, ant.design
739, timeanddate.com
740, biobiochile.cl
741, vaghtesobh.com
742, vidio.com
743, aabbir.com
744, ahram.org.eg
745, u.gg
746, axisbank.co.in
747, autodesk.com
748, iwencai.com
749, echo.msk.ru
750, mundodeportivo.com
751, sina.cn
752, cuevana3.io
753, medicalnewstoday.com
754, txxx.com
755, aa.com
756, leagueoflegends.com
757, ettoday.net
758, helium10.com
759, greenfilm.vip
760, 17track.net
761, coinbase.com
762, getpocket.com
763, xbox.com
764, express.dhl
765, loewe.com
766, agoda.com
767, uber.com
768, yt1s.com
769, myanimelist.net
770, qiita.com
771, modao.cc
772, southwest.com
773, rbc.ru
774, dianping.com
775, mayoclinic.org
776, lyst.com
777, bhaskar.com
778, custhelp.com
779, users.wix.com
780, freepik.es
781, newegg.com
782, buzzfeed.com
783, ameli.fr
784, google.cl
785, wp.com
786, jnu.edu.cn
787, madar21.com
788, kontan.co.id
789, google.co.za
790, livedoor.jp
791, neobux.com
792, saednews.com
793, rakuten-card.co.jp
794, bitly.com
795, asus.com
796, xinhuanet.com
797, mydramalist.com
798, okta.com
799, google.dz
800, steampowered.com
801, chron.com
802, b2clogin.com
803, ign.com
804, groww.in
805, mosalasonline.com
806, advertcn.com
807, le7tv.ma
808, imiker.com
809, afip.gob.ar
810, smbc-card.com
811, sbisec.co.jp
812, taleo.net
813, agadirinfo.ma
814, depositphotos.com
815, tass.ru
816, cima-club.cc
817, shiprocket.in
818, sspai.com
819, nexusmods.com
820, amazon.ae
821, alnaharegypt.com
822, pngtree.com
823, npr.org
824, stockx.com
825, agadirtv.ma
826, chip.de
827, pole-emploi.fr
828, prtimes.jp
829, gd.gov.cn
830, norton.com
831, msr2030.com
832, hsbianma.com
833, biancheng.net
834, ximalaya.com
835, onlinesbi.sbi
836, wegotthiscovered.com
837, bestlifeonline.com
838, united.com
839, docin.com
840, momoshop.com.tw
841, brilio.net
842, bola.com
843, rumble.com
844, sxyprn.com
845, gridoto.com
846, pinterest.jp
847, lifo.gr
848, jdzj.com
849, wrike.com
850, service-now.com
851, billdesk.com
852, interia.pl
853, gazeta.ru
854, incometax.gov.in
855, telexpresse.com
856, pixlr.com
857, a8.net
858, hugedomains.com
859, 10086.cn
860, atlassian.net
861, fmkorea.com
862, shopee.ph
863, dw.com
864, rakuten-sec.co.jp
865, nbcnews.com
866, ea.com
867, rakuten-bank.co.jp
868, dcinside.com
869, sonyliv.com
870, ameba.jp
871, pcmag.com
872, instacart.com
873, kickstarter.com
874, agacelebir.com
875, gyazo.com
876, trulia.com
877, linktr.ee
878, parsfootball.com
879, coingecko.com
880, xiaomi.com
881, snapchat.com
882, jawapos.com
883, eghtesadonline.com
884, ic.net.cn
885, xhamsterlive.com
886, thefreedictionary.com
887, olx.pl
888, hotels.com
889, unsplash.com
890, olx.in
891, lazada.co.th
892, apartments.com
893, tongtool.com
894, rarible.com
895, blackboard.com
896, codecanyon.net
897, sarkariresult.com
898, people.com
899, filmix.ac
900, hsbc.com.hk
901, download-readynow.com
902, sportbible.com
903, hatenablog.com
904, animeflv.net
905, techradar.com
906, xmnn.cn
907, experian.com
908, ptt.cc
909, cjdropshipping.com
910, wordreference.com
911, yinxiang.com
912, championat.com
913, cctv.com
914, cima4u.ws
915, gap.com
916, onesignal.com
917, hotjar.com
918, thegatewaypundit.com
919, feishu.cn
920, yenisafak.com
921, mabanque.bnpparibas
922, salla.sa
923, europa.eu
924, online-convert.com
925, chinanews.com.cn
926, subscene.com
927, leetcode.com
928, britannica.com
929, jw.org
930, amazon.eg
931, onelogin.com
932, trontv.com
933, realestate.com.au
934, gmw.cn
935, cybozu.com
936, 588ku.com
937, ahrefs.com
938, discogs.com
939, mercadolibre.com.co
940, printful.com
941, mynet.com
942, mihoyo.com
943, fang.com
944, xuexila.com
945, ticketmaster.com
946, strava.com
947, google.com.pe
948, ouo.io
949, javatpoint.com
950, sfr.fr
951, mydrivers.com
952, itchytidying.com
953, nasa.gov
954, howtogeek.com
955, news.cn
956, olx.ua
957, gtmetrix.com
958, livejasmin.com
959, elwatannews.com
960, uniqlo.com
961, domaintools.com
962, viva.co.id
963, live.net
964, mehrnews.com
965, hm.com
966, vidal.fr
967, net-a-porter.com
968, cbssports.com
969, dior.com
970, caixa.gov.br
971, kizlarsoruyor.com
972, soft98.ir
973, dostor.org
974, banggood.com
975, pnc.com
976, dmm.com
977, tandfonline.com
978, 58.com
979, anjuke.com
980, ny.gov
981, gamer.com.tw
982, indozone.id
983, engadget.com
984, qatarairways.com
985, chegg.com
986, ouedkniss.com
987, nfl.com
988, meituan.com
989, kayak.com
990, thepiratebay.org
991, rutor.info
992, tb.cn
993, axisbank.com
994, twilio.com
995, dingtalk.com
996, aweber.com
997, sporx.com
998, namecheap.com
999, dailypost.ng
1000, hujiang.com
